,,Abel,ea96,"Matthew, Mark",2,man: good,
,,Abiathar,e35f,"Matthew, Mark",2,"man: hand: grain,wheat: harvest",
17,,abide,e17b,"Matthew,Mark",1,"house: life,live,alive: good: heart",dwell
,,Abijah,ea5b,"Matthew, Mark",2,"man: king,crown,ruler,lord: love",
12,,ability,e124,"Matthew,Mark",1,"big: knife,cut",power:can
,,Abiud,ea6a,"Matthew, Mark",2,"man: person: mouth,said,speak: good: praise,worship",
2,,abomination,e0a4,"Matthew,Mark",1,"enmity,hate: love,compassion: no,not: thing",
11,,about,e11b,"Matthew,Mark",1,thing,
11,,above,e110,"Matthew,Mark",1,up: thing,over
,,Abraham,e373,"Matthew, Mark",2,"man: many: man: love,compassion",
,,Abyss,ec4e,"Matthew, Mark",2,"no,not: end,finish: land,ground,earth",
5,,according_to,e24d,"Matthew,Mark",1,"same,equal: mouth,said,speak",
5,,accuse,e055,"Matthew,Mark",1,"mouth,said,speak: no,not: good",
,,Achim,ea6e,"Matthew, Mark",2,"man: know,knowledge: write,pen",
17,,adopt,e177,"Matthew,Mark",1,"house: love,compassion: small,few",adoption
17,,adoption,e177,"Matthew,Mark",1,"house: love,compassion: small,few",adopt
2,,adultery,e027,"Matthew,Mark",1,"love,compassion: no,not: good: eye,see",
5,,afraid,e056,"Matthew,Mark",1,"mouth,said,speak: heart",worry:fear
11,,after,e11d,"Matthew,Mark",1,"thing: to,forward",
51,,against,e330,"Matthew,Mark",1,forward: backward,
,,Ahaz,ea61,"Matthew, Mark",2,"man: hand: not,no: good",
53,,air,e312,"Matthew,Mark",1,,
53,,alabaster,e0d4,"Matthew,Mark",1,"money,wealth,wealthy: no,not: soft: thing",
,,Alexander,ea14,"Matthew, Mark",2,man: shield: person,
9,,alive,e09f,"Matthew,Mark",1,good: heart,live:life
32,,all,e251,"Matthew,Mark",1,,whole
5,,allow,e04a,"Matthew,Mark",1,"mouth,said,speak: crown,ruler,king,lord",permit:permission
22,,alone,e223,"Matthew,Mark",1,very : one,only
,,Alphaeus,ec24,"Matthew, Mark",2,"man: work,do",
53,,altar,ea3c,"Matthew,Mark",1,"table: gift: hand: love,compassion",
32,,always,e252,"Matthew,Mark",1,"all,whole: time,when",eternity:eternal
12,,amazed,e14a,"Matthew,Mark",1,"big: mouth,said,speak: good",amazing
12,,amazing,e14a,"Matthew,Mark",1,"big : mouth.said,speak: good",amazed
32,,amen,e100,"Matthew,Mark",1,"good: all,whole",
,,Amminadab,ea51,"Matthew, Mark",2,"man: prophesy: eye,see: forward,to",
,,Amon,ea64,"Matthew, Mark",2,"man: no,not: mouth: hear,ear",
11,,and,e11c,"Matthew,Mark",1,thing,
,,Andrew,e357,"Matthew, Mark",2,man: man,
9,,angel,e0a7,"Matthew,Mark",1,"good: spirit: no,not: person",
21,,anger,e204,"Matthew,Mark",1,,angry
21,,angry,e204,"Matthew,Mark",1,,anger
10,,animal,e102,"Matthew,Mark",1,,
,,Anna,eb02,"Matthew, Mark",2,"woman: no,not: cut,knife",Hannah
12,,anointed,e033,"Matthew,Mark",1,"crown,ruler,king,lord: mouth,said,speak: near: person",
12,,apostle,e142,"Matthew,Mark",1,"person: follow: people: to,forward",disciple
14,,appear,e162,"Matthew,Mark",1,"sun,day: eye,see",show:reveal
5,,appointed,e041,"Matthew,Mark",1,"mouth,said,speak: near : person",
5,,argument,e057,"Matthew,Mark",1,"mouth,said,speak: no,not: rest,sleep,lie_down: love,compassion",
,,Arimathea,e34d,"Matthew, Mark",2,"cross: house: not,no: heart: land,ground,earth",
51,,arise,e322,"Matthew,Mark",1,,ascend
12,,arm,e14e,"Matthew,Mark",1,big,
46,,army,e148,"Matthew,Mark",1,"soldier: person: war,fight,battle: many",cohort
51,,around,e31b,"Matthew,Mark",1,,
36,,arrest,e25f,"Matthew,Mark",1,,imprisoned:bound:chain
,,Asa,ea5c,"Matthew, Mark",2,"man: hand: happy,joy: heart",
51,,ascend,e322,"Matthew,Mark",1,,arise
18,,ash,ea90,"Matthew,Mark",1,"no,not: good: air",
5,,ashamed,e05f,"Matthew,Mark",1,"no,not: mouth: heart",
5,,ask,e061,"Matthew,Mark",1,,questioned
6,,assurance,e070,"Matthew,Mark",1,"know,knowledge: know,knowledge",confidence
12,,attendant,e150,"Matthew,Mark",1,person: straight: people,helper
12,,author ,e12c,"Matthew,Mark",1,"person: write,pen",writer:author:scribe
3,,authority,e034,"Matthew,Mark",1,"crown,ruler,king,lord: mouth,said,speak",
11,,away,e11e,"Matthew,Mark",1,thing,
,,Azor,ea6c,"Matthew, Mark",2,"man: person: help: attendant,helper: straight: people",
20,,baby,e0a6,"Matthew,Mark",1,"very: small,few: person",
,,Babylon,ea67,"Matthew, Mark",2,"no: knowledge,know: land,ground,earth: ignorant,ignorance,confuse",
52,,backward,e325,"Matthew,Mark",1,,
18,,bad,e17d,"Matthew,Mark",1,"no,not: good",
39,,bag,e26f,"Matthew,Mark",1,soft: box,
29,,baptism,e24a,"Matthew,Mark",1,"wet,water: person",baptize
29,,baptize,e24a,"Matthew,Mark",1,"wet,water: person",baptism
,,Barabbas,e36d,"Matthew, Mark",2,"man: kill,destroy: knife,cut: person",
,,Barachiah,ea97,"Matthew, Mark",2,"man: happy,joy: many",
,,Bartholomew,e362,"Matthew, Mark",2,"man: up: water,wet",
,,Bartimaeus,e36b,"Matthew, Mark",2,"man: no,not: see,eye: blind",
53,,basket,e19f,"Matthew,Mark",1,"small,few: net",
46,,battle,e283,"Matthew,Mark",1,,war:fight
30,,bear_with,e227,"Matthew,Mark",1,"very: with: equal,same: people",
10,,beast,e103,"Matthew,Mark",1,"animal: no,not: good",
7,,beat,e0e4,"Matthew,Mark",1,"hand: hurt,pain: knife,cut: heart",hit
9,,beautiful,ea4a,"Matthew,Mark",1,"good: eye,see",beauty
9,,beauty,ea4a,"Matthew,Mark",1,"good: eye,see",beautiful
12, ,because,e066,"Matthew,Mark",1,"know,knowledge: ?",therefore:purpose:reason
5,,beckon,e040,"Matthew,Mark",1,"mouth,said,speak: near",call
12,,become_person,e83a,"Matthew,Mark",1,"change,turn: person",convert
11,,become_thing,e839,"Matthew,Mark",1,"change,turn: thing",
12,,bed,e122,"Matthew,Mark",1,"rest,sleep,lie_down: straight",mattress
, ,Beelzebul,e335,"Matthew, Mark",2,"big: no,not: good: spirit: person: satan",Satan
11,,before,e107,"Matthew,Mark",1,backward: thing,
5,,beg,e21e,"Matthew,Mark",1,"very: mouth,said,speak: love,compassion: heart",
24,,beginning,e231,"Matthew,Mark",1,,start
11,,behind,e116,"Matthew,Mark",1,thing: thing,
6,,believe,e06f,"Matthew,Mark",1,"know,knowledge: cross",faith
51,,belt,e29d,"Matthew,Mark",1,,
11,,beside,e117,"Matthew,Mark",1,thing: .,
22,,best,e21f,"Matthew,Mark",1,very : good,
,,Bethany,e349,"Matthew, Mark",2,"house: hurt,pain: knife,cut: heart: village: many: neighbor,near,house",
,,Bethlehem,ea45,"Matthew, Mark",2,"born,birth: land ,ground,earth: beginning,start: person",
,,Bethphage,e348,"Matthew, Mark",2,right: village: many: neighbor: house: near,
,,Bethsaida,e340,"Matthew, Mark",2,"harvest: hand: grain,wheat: village: many: neighbor,house,near",
2,,betray,e195,"Matthew,Mark",1,"no,not: love,compassion: good: measure",betrayal
2,,betrayal,e195,"Matthew,Mark",1,"no,not: love,compassion: good: measure",betray
19,,better,e09e,"Matthew,Mark",1,good: many,
11,,between ,e118,"Matthew,Mark",1,thing: stick,
23,,Bible,e22c,"Matthew, Mark",2,"book,read,learn: cross",Word_of_God:Scripture
12,,big,e120,"Matthew,Mark",1,,
35,,bird,e25c,"Matthew,Mark",1,,
24,,birth,e235,"Matthew,Mark",1,"beginning,start: person",born
5,,blasphemy,e05b,"Matthew,Mark",1,"mouth,said,speak: no,not: good: crown,ruler,king,lord: man: love,compassion",
5,,bless,e05c,"Matthew,Mark",1,"mouth,said,speak: gift: hand: love,compassion",blessing
21,,blessed,ea21,"Matthew,Mark",1,"happy,joy: many",
5,,blessing,e05c,"Matthew,Mark",1,"mouth,said,speak: gift: hand: love,compassion",bless
25,,blind,e192,"Matthew,Mark",1,"no,not: eye,see",
7,,blood,e087,"Matthew,Mark",1,"hand: wet,water",
12,,boast,e14b,"Matthew,Mark",1,"big: mouth,said,speak: me,i",pride
38,,boat,e265,"Matthew,Mark",1,,
,,Boaz,ea54,"Matthew, Mark",2,"man: very: forward,to",
12, ,body,e143,"Matthew,Mark",1,person,
53,,bone,e0b2,"Matthew,Mark",1,,
23,,book,e22a,"Matthew,Mark",1,,read:learn
24,,born,e235,"Matthew,Mark",1,"beginning,start: person",birth
11,,bottom,e119,"Matthew,Mark",1,thing,
36,,bound,e25f,"Matthew,Mark",1,,imprisoned:arrest:chain
21,,bow,e210,"Matthew,Mark",1,face: down,
53,,bowl,e384,"Matthew,Mark",1,,dish
53,,box,e29e,"Matthew,Mark",1,,
20,,boy,e001,"Matthew,Mark",1,"small,few: man",
20,,boys,e002,"Matthew,Mark",1,"small,few: man",
28,,branch,e246,"Matthew,Mark",1,"tree,plant,wood",
5,,brave,e196,"Matthew,Mark",1,"afraid,fear: no,not: mouth,said,speak: heart",courage
5,,bread,e05d,"Matthew,Mark",1,"mouth,said,speak: grain,wheat",loaf
32,,break,e0e1,"Matthew,Mark",1,"knife,cut: whole,all",
1,,bride,e015,"Matthew,Mark",1,"woman: start,beginning: love,compassion",
14,,bright,e21b,"Matthew,Mark",1,"very: sun,day",
7,,bring,e088,"Matthew,Mark",1,hand: thing,take:carry
12,,brother,e006,"Matthew,Mark",1,"man: small,few: love,compassion",
12,,brothers,e007,"Matthew,Mark",1,"man: small,few: love,compassion",
17,,build,e17a,"Matthew,Mark",1,house: make: hand: person,
17,,building,e0a1,"Matthew,Mark",1,,
50,,bury,e0d7,"Matthew,Mark",1,"straight: death,dead,die: no,not: heart",
11,,but,e11a,"Matthew,Mark",1,"thing: fabric,clothing",
51,,buy,e32a,"Matthew,Mark",1,"to,forward: money,wealth,wealthy",spend
,,Caesar,e370,"Matthew, Mark",2,"man: big: ruler,king,crown,lord",
,,Caesarea,e346,"Matthew, Mark",2,"person: crown,ruler,king,lord: land,ground,earth",
,,Caiaphas,ea77,"Matthew, Mark",2,"man: murderer: cross: knife,cut: person: kill,destroy",
12,,call,e040,"Matthew,Mark",1,"mouth,said,speak: near",beckon
53,,camel,e29f,"Matthew,Mark",1,,
12,,can,e124,"Matthew,Mark",1,"big: knife,cut",power:ability
,,Canaan,e33d,"Matthew, Mark",2,"promise: mouth,said,speak: work,do: land,ground,earth",
,,Capernaum,e33a,"Matthew, Mark",2,soft: village: many: neighbor: house: near,
20,,careful,e19e,"Matthew,Mark",1,"small,few: heart",
12,,carpenter,e14f,"Matthew,Mark",1,"person: hand: thing: tree,plant,wood",
7,,carry,e088,"Matthew,Mark",1,hand: thing,take:bring
11,,catch,e115,"Matthew,Mark",1,thing: net,
23,,census,e0b8,"Matthew,Mark",1,"person: book,read,learn: number",
36,,chain,e25f,"Matthew,Mark",1,,imprisoned:arrest:bound
53,,chair,e298,"Matthew,Mark",1,,sit
53,,change,e31e,"Matthew,Mark",1,,turn
23,,chapter,e230,"Matthew,Mark",1,"book,read,learn: part",
20,,child,e200,"Matthew,Mark",1,"small,few: person",
20,,children,e201,"Matthew,Mark",1,"small,few: people",
2,,choose,e021,"Matthew,Mark",1,"love,compassion: or",
,,Chorazin,ea8f,"Matthew, Mark",2,"not,no: good: hot,fire,heat: village: many: neighbor,house,near",
,,Christ,e334,"Matthew, Mark",2,"very: king,ruler,crown,lord: anointed: mouth,said,speak: near: person",Messiah
4,,church,e03d,"Matthew,Mark",1,cross: building,temple
39,,circumcise,e250,"Matthew,Mark",1,"knife,cut: flesh: soft: person",circumcision
39,,circumcision,e250,"Matthew,Mark",1,"knife,cut: flesh: soft: person",circumcise
29,,clean,e248,"Matthew,Mark",1,"wet,water: good",pure
12,,cloak,ea76,"Matthew,Mark",1,"big: fabric,clothing",
27,,closed,e23f,"Matthew,Mark",1,,
12,,clothe,e147,"Matthew,Mark",1,"fabric,clothing: person",to_clothe
33,,clothing,e253,"Matthew,Mark",1,,fabric
39,,cloud,e26e,"Matthew,Mark",1,soft: thing,
46,,cohort,e148,"Matthew,Mark",1,"person: war,fight,battle: many",army
53,,cold,e0f2,"Matthew,Mark",1,"no,not: fire,heat,hot",
47,,color,e284,"Matthew,Mark",1,,
34,,come   ,e25a,"Matthew,Mark",1,walk: near,visit:come
27,,come_out,e243,"Matthew,Mark",1,"door: to,forward",leave:depart
2,,comfort,ea3b,"Matthew,Mark",1,"love,compassion: person",
5,,command,e058,"Matthew,Mark",1,"mouth,said,speak: !",
2,,compassion,e01a,"Matthew,Mark",1,,love
5,,condemn,ea7f,"Matthew,Mark",1,"mouth,said,speak: know,knowledge: no,not",condemnation
5,,condemnation,ea7f,"Matthew,Mark",1,"mouth,said,speak: know,knowledge: no,not",condemn
6,,confidence,e070,"Matthew,Mark",1,"know,knowledge: know,knowledge",assurance
49,,control,e332,"Matthew,Mark",1,tie: down,
51,,convert,e83a,"Matthew,Mark",1,"change,turn: person",become_person
39,,cornerstone,e21c,"Matthew,Mark",1,"very: hard: soft: no,not: thing",
9,,correct,e09a,"Matthew,Mark",1,good,yes
12,,council,e0f7,"Matthew,Mark",1,body: person,
53,,country,e0a2,"Matthew,Mark",1,"big: land,ground,earth",nation
12,,countrymen,e157,"Matthew,Mark",1,"person: friend: love,compassion: land,ground,earth",
5,,courage,e196,"Matthew,Mark",1,"no,not: afraid,fear: mouth,said,speak: heart",brave
4,,courtyard,e0f6,"Matthew,Mark",1,"land,ground,earth: church,temple",
8,,covenant,e21d,"Matthew,Mark",1,"mouth,said,speak: promise: very: work,do",
11,,cover,e39a,"Matthew,Mark",1,straight: thing,
2,,covet,e022,"Matthew,Mark",1,"desire,like,want: heart: love,compassion: you: thing",envy
4,,cross,e038,"Matthew,Mark",1,,
12,,crowd,e128,"Matthew,Mark",1,people,multitude
3,,crown,e028,"Matthew,Mark",1,,ruler:king:lord
4,,crucify,e03c,"Matthew,Mark",1,"kill,destroy: knife,cut: person: cross",
12,,crush,e146,"Matthew,Mark",1,person: thing,
21,,cry,e20c,"Matthew,Mark",1,"sad,grieve: wet,water",
41,,cup,e274,"Matthew,Mark",1,,drink
5,,curse,e05a,"Matthew,Mark",1,"mouth,said,speak: no,not: good: fire,heat,hot",
53,,curtain,e254,"Matthew,Mark",1,"fabric,clothing: window",
39,,cushion,e26c,"Matthew,Mark",1,soft: face,pillow
32,,custom,eb10,"Matthew,Mark",1,"whole,all: work,do",
31,,cut,e24e,"Matthew,Mark",1,,knife
,,Cyrene,Eb59,"Matthew, Mark",2,"Horse: tie,knot: land,ground,earth",
,,Dalmanutha,e344,"Matthew, Mark",2,"shout: big: mouth,said,speak: land,ground,earth",
34,,dance,e259,"Matthew,Mark",1,"walk: happy,joy",
,,Daniel,ea78,"Matthew, Mark",2,"man: me,i: or",
14,,dark,ea17,"Matthew,Mark",1,"no,not: light: eye,see: sun,day",
1,,daughter,e00c,"Matthew,Mark",1,"woman: love,compassion: small,few",
1,,daughters,e00d,"Matthew,Mark",1,"woman: love,compassion: small,few",
,,David,e35e,"Matthew, Mark",2,"man: appointed: mouth,said,speak: near: person: call,beckon",
14,,day,e15f,"Matthew,Mark",1,,sun
18,,dead,e181,"Matthew,Mark",1,"no,not: heart",die:death
18,,deaf,e191,"Matthew,Mark",1,"no,not: hear,ear",
18,,death,e181,"Matthew,Mark",1,"no,not: heart",die:dead
,,Decapolis,e33e,"Matthew, Mark",2,"ten: land,ground,earth",
9,,deceive,e17f,"Matthew,Mark",1,"no,not: good: measure",lie:deception:false:lead_astray
12,,deceiver,e152,"Matthew,Mark",1,"person: no,not: good: measure: deceive,deception,lie,false,lead_astray",hypocrite
9,,deception,e17f,"Matthew,Mark",1,no: good: measure,lie:deceive:false:lead_astray
51,,deep,e321,"Matthew,Mark",1,,depth
3,,denarius,e165,"Matthew,Mark",1,"sun,day: money,wealth,wealthy",
5,,deny,e0e5,"Matthew,Mark",1,"no,not: mouth,said,speak: know,knowledge",
27,,depart,e243,"Matthew,Mark",1,"door: to,forward",leave:come_out
51,,depth,e321,"Matthew,Mark",1,,deep
51,,descend,e317,"Matthew,Mark",1,,
13,,desert,e156,"Matthew,Mark",1,"land,ground,earth: no,not: tree,plant,wood",wilderness
8,,deserve,e0f5,"Matthew,Mark",1,"money,wealth,wealthy: work,do",earn
2,,desire,e020,"Matthew,Mark",1,"love,compassion: heart",will:like:want
12,,destroy,e141,"Matthew,Mark",1,"knife,cut: person",kill
18,,die,e181,"Matthew,Mark",1,"no,not: heart",dead:death
8,,difficult,e093,"Matthew,Mark",1,"sad,grieve: work,do",
51,,direction,e323,"Matthew,Mark",1,,
13,,dirt,e15b,"Matthew,Mark",1,"land,ground,earth",soil:ground_soil
29,,dirty,e249,"Matthew,Mark",1,"wet,water: no,not: good",impure
12,,disciple,e142,"Matthew,Mark",1,"person: follow: people: to,forward",apostle
36,,discourage,e261,"Matthew,Mark",1,"chain,bound,imprisoned,arrest: heart",
21,,disease,e20a,"Matthew,Mark",1,"sad,grieve: heart",sick
53, ,dish,e384,"Matthew,Mark",1,,bowl
18,,disobedience,e193,"Matthew,Mark",1,"no,not: obey,obedience: mouth,said,speak: work,do",rebellion:disobey
18,,disobey,e193,"Matthew,Mark",1,"no,not: obey,obedience: mouth,said,speak: work,do",rebellion:disobedience
51,,divide,e326,"Matthew,Mark",1,,split:division:separate
51,,division,e326,"Matthew,Mark",1,,split:divide:separate
17,,divorce,ea3d,"Matthew,Mark",1,"house: split,division,divide,separate",
8,,do,e08c,"Matthew,Mark",1,,work
7,,doctor,e144,"Matthew,Mark",1,"person: heal: hand: happy,joy: heart",healer
10,,dog,e104,"Matthew,Mark",1,"small,few: animal",
7,,dominion,e032,"Matthew,Mark",1,"crown,ruler,king,lord: land,ground,earth: knife,cut",
20,,donkey,ea09,"Matthew,Mark",1,"small,few: horse",
27,,door,e23e,"Matthew,Mark",1,,
18,,doubt,e194,"Matthew,Mark",1,"no,not: believe,faith: know,knowledge: cross",unbelief
39,,dough,ea36,"Matthew,Mark",1,"soft: mouth,said,speak: grain,wheat",
12,,dove,e25e,"Matthew,Mark",1,"bird: rest,sleep,lie_down: love,compassion",
51,,down,e319,"Matthew,Mark",1,,
25,,dream,ea80,"Matthew,Mark",1,"eye: rest,sleep,lie_down",vision
41,,drink,e274,"Matthew,Mark",1,,cup
41,,drunk,ea8d,"Matthew,Mark",1,"cup,drink: no,not: good",
18,,dry,e188,"Matthew,Mark",1,"no: wet,water",
20,,dust,e15d,"Matthew,Mark",1,"small,few: part: land,ground,earth",
53,,dwell,e17b,"Matthew,Mark",1,"house: life,alive,live: good: heart",abide
53,,ear,e299,"Matthew,Mark",1,,hear
8,,earn,e0f5,"Matthew,Mark",1,"money,wealth,wealthy: work,do",deserve
13,,earth,e153,"Matthew,Mark",1,,space:ground:land:place
13,,earthquake,e159,"Matthew,Mark",1,"land,ground,earth: shake",
51,,east,ea38,"Matthew,Mark",1,direction,
8,,easy,e092,"Matthew,Mark",1,"happy,joy: work,do",
5,,eat,e053,"Matthew,Mark",1,"mouth,said,speak: thing",meal:food
,,Egypt,ea44,"Matthew, Mark",2,"slave: land,ground,earth: thing: person",
52,,eight,e293,"Matthew,Mark",1,,
,,Eleazar,ea70,"Matthew, Mark",2,"man: king,crown,ruler,lord: help: straight: people",
,,Eliakim,ea6b,"Matthew, Mark",2,"man: up: money,wealth,wealthy",
,,Elijah,e36a,"Matthew, Mark",2,"man: heat,fire,hot",
,,Eliud,ea6f,"Matthew, Mark",2,"man: amazing,amazing: person: mouth,said,speak: good: praise,worship,exalt",
41,,empty,e277,"Matthew,Mark",1,"cup,drink: no,not",
36,,encourage,e262,"Matthew,Mark",1,"free,freedom: heart",
24,,end,e232,"Matthew,Mark",1,,finish
16,,endure,e170,"Matthew,Mark",1,"time: here: very: land,ground,earth",
12,,enemy,e025,"Matthew,Mark",1,"person: friend: love,compassion: no,not",
2,,enmity,e01b,"Matthew,Mark",1,"love,compassion: no,not",hate
51,,enter,e242,"Matthew,Mark",1,"door: to,forward",
2,,envy,e022,"Matthew,Mark",1,"love,compassion: heart: you: thing",covet
30,,equal,e24b,"Matthew,Mark",1,,same
16,,eternal,e252,"Matthew,Mark",1,"all,whole: time,when",eternity:always
16,,eternity,e252,"Matthew,Mark",1,"all,whole: time,when",always:eternal
5,,evangelist,e13f,"Matthew,Mark",1,"person: mouth,said,speak: gospel,good_news: book,learn,read: good",
40,,evening,e273,"Matthew,Mark",1,"moon,night: straight",
32,,everyone,e140,"Matthew,Mark",1,"person: all,whole",
32,,everything,e114,"Matthew,Mark",1,"thing: all,whole",
32,,everywhere,e155,"Matthew,Mark",1,"land,ground,earth: all,whole",
5,,explain,e059,"Matthew,Mark",1,"mouth,said,speak: understand,understanding: know,knowledge: very",explanation
5,,explanation,e059,"Matthew,Mark",1,"mouth,said,speak: understand,understanding: know,knowledge: very",explain
25,,eye,e238,"Matthew,Mark",1,,see
35,,fabric,e253,"Matthew,Mark",1,,clothing
21,,face,e203,"Matthew,Mark",1,,
6,,faith,e06f,"Matthew,Mark",1,"know,knowledge: cross",believe
6,,faithful,e219,"Matthew,Mark",1,"very: know,knowledge: cross",faithfulness
6,,faithfulness,e219,"Matthew,Mark",1,"very: know,knowledge: cross",faithful
51,,fall,e218,"Matthew,Mark",1,very: descend,
9,,false ,e17f,"Matthew,Mark",1,"no,not: true,truth: good: measure",lie:deceive:deception:false:lead_astray
17,,family,e176,"Matthew,Mark",1,"house: love,compassion",relative
42,,famine,e18d,"Matthew,Mark",1,"no,not: grain,wheat",
18,,far ,e197,"Matthew,Mark",1,"no,not: near",
12,,farmer,e133,"Matthew,Mark",1,"person: sow,to_plant: hand: seed: grain,wheat: small,few",sower
5,,fast_no_eat,e18e,"Matthew,Mark",1,"no,not: eat,food,meal: mouth,said,speak: thing",
22,,fast_speed,e21a,"Matthew,Mark",1,"very: to,forward",
12,,fat,ea86,"Matthew,Mark",1,big: flesh: soft: person,
10,,fat_animal,eb11,"Matthew,Mark",1,"animal: water,wet",
1,,father,e003,"Matthew,Mark",1,"man: love,compassion",
5,,fear,e056,"Matthew,Mark",1,"mouth,said,speak: heart",worry:afraid
12,,feast,e054,"Matthew,Mark",1,"big: eat,food,meal: mouth,said,speak: thing",
5,,festival,e20b,"Matthew,Mark",1,"happy,joy: eat,food,meal: mouth,said,speak: thing",party
20,,few,e19b,"Matthew,Mark",1,,small
46,,fight,e283,"Matthew,Mark",1,,war:battle
41,,fill,e278,"Matthew,Mark",1,"cup,drink",
7,,find,e101,"Matthew,Mark",1,"good: search: hand: eye,see",
24,,finish,e232,"Matthew,Mark",1,,end
12,,fire,e301,"Matthew,Mark",1,,hot:heat
24,,first,e233,"Matthew,Mark",1,"beginning,start",
37,,fish,e263,"Matthew,Mark",1,,
37,,fisherman,e264,"Matthew,Mark",1,fish: person,
52,,five,e290,"Matthew,Mark",1,,
7,,fix,e09d,"Matthew,Mark",1,good: make: hand: person,
39,,flesh,e26b,"Matthew,Mark",1,soft: person,
51,,flip,e31d,"Matthew,Mark",1,,
31,,flour,ea35,"Matthew,Mark",1,"knife,cut: grain,wheat",
53,,flower,eb24,"Matthew,Mark",1,,
20,,flute,ea8b,"Matthew,Mark",1,"small,few: thing: mouth,said,speak",
35,,fly,e25b,"Matthew,Mark",1,,
12,,follow,e13e,"Matthew,Mark",1,"people: to,forward",
5,,food,e053,"Matthew,Mark",1,"mouth,said,speak: thing",meal:eat
18,,fool,ea7c,"Matthew,Mark",1,"no,not: wisdom,wise: know,knowledge: or",
12,,foot,e13d,"Matthew,Mark",1,person,
7,,for,e086,"Matthew,Mark",1,"hand: love,compassion: to,forward",give
12,,foreigner,e158,"Matthew,Mark",1,"person: no,not: land,.ground,earth",sojourner:gentile
31,,forgive,e18f,"Matthew,Mark",1,"no,not: kill,destroy: knife,cut: person",forgiveness
31,,forgiveness,e18f,"Matthew,Mark",1,"no,not: kill,destroy: knife,cut: person",forgive
51,,forward,e318,"Matthew,Mark",1,,to
17,,foundation,e179,"Matthew,Mark",1,"house: land,ground,earth: root",
52,,four,e28f,"Matthew,Mark",1,,
6,,fox,ea8a,"Matthew,Mark",1,"know,knowledge: small,few: animal",
53,,fragrant,e097,"Matthew,Mark",1,good: nose,perfume
36,,free,e260,"Matthew,Mark",1,,freedom
36,,freedom,e260,"Matthew,Mark",1,,free
12,,friend,e024,"Matthew,Mark",1,"person: love,compassion",
53,,from,e31a,"Matthew,Mark",1,"To,forward",
44,,fruit,e27e,"Matthew,Mark",1,,
25,,fulfill,e0d2,"Matthew,Mark",1,"end,finish: eye,see: to,forward",
41,,full,e276,"Matthew,Mark",1,"cup,drink",
18,,futile,e190,"Matthew,Mark",1,"no,not: thing: work,do",useless
16,,future,e16e,"Matthew,Mark",1,"time: to,forward",
,,Gadara,e33f,"Matthew, Mark",2,"chain,arrest,bound,imprisoned: village: many: neighbor: house: near",Gerasenes
,,Galilee,e337,"Matthew, Mark",2,"house: cross: land,ground,earth",
48,,gate,e289,"Matthew,Mark",1,wall: door,
12,,gathered_people,e126,"Matthew,Mark",1,person: people,together(people)
11,,gathered_things,e108,"Matthew,Mark",1,thing,together(things)
12,,generation,e019,"Matthew,Mark",1,"big: small,few: man",
,,Gennesaret,e341,"Matthew, Mark",2,"money,wealth,wealthy: land,ground,earth",
12,,gentile,e158,"Matthew,Mark",1,"person: no,not: land,ground,earth",sojourner:foreigner
39,,gentle,e26d,"Matthew,Mark",1,"soft: can,ability,power: big: knife,cut",gentleness
39,,gentleness,e26d,"Matthew,Mark",1,"soft: can,ability,power: big: knife,cut",gentle
,,Gerasenes,e33f,"Matthew, Mark",2,"chain,arrest,bound,imprisoned: village: many: neighbor: house: near",Gadara
,,Gethsemane,e34a,"Matthew, Mark",2,"oil: land,ground,earth: money,wealth,wealthy: wet,water",
7,,gift,e072,"Matthew,Mark",1,"hand: love,compassion",
20,,girl,e009,"Matthew,Mark",1,"woman: small,few",
20,,girls,e00a,"Matthew,Mark",1,"woman: small,few",
7,,give,e086,"Matthew,Mark",1,"hand: love,compassion: to,forward",for
5,,glory,e217,"Matthew,Mark",1,"very: praise,worship,exalt: mouth,said,speak: good",
22,,gluttony,ea8c,"Matthew,Mark",1,"very: food,eat,meal: mouth,said,speak: thing",
51,,go ,e381,"Matthew,Mark",1,,trip:go:journey:travel
7,,go_down,e080,"Matthew,Mark",1,hand: down,lower_verb
39,,goat,ea7d,"Matthew,Mark",1,sheep: soft: bone,
,,God,e036,"Matthew, Mark",2,"king,ruler,crown,lord: man: love,compassion",
12,,godly,e130,"Matthew,Mark",1,"person: righteous,righteousness: good: work,do",saint:righteous_person
12,,gold,eb2a,"Matthew,Mark",1," big: money,wealth,wealthy",
,,Golgotha,e34b,"Matthew, Mark",2,"skull: land,ground,earth: face",Joda
,,Gomorrah,ea7a,"Matthew, Mark",2,"no,not: good: person: village: many: neighbor,house,near",
9,,good,e096,"Matthew,Mark",1,,
23,,gospel,e22b,"Matthew,Mark",1,"book,learn,read: good",good_news
20,,governor,e0a3,"Matthew,Mark",1,"small,few: crown,ruler,king,lord",proconsul
2,,grace,e01f,"Matthew,Mark",1,"love,compassion: no,not: knife,cut",
42,,grain,e279,"Matthew,Mark",1,,wheat
53,,grass,ea33,"Matthew,Mark",1,,
7,,grateful,e20e,"Matthew,Mark",1,"happy,joy: hand: love,compassion",thank:gratitude
7,,gratitude,e20e,"Matthew,Mark",1,"happy,joy: hand: love,compassion",thank:grateful
17,,grave,e178,"Matthew,Mark",1,"house: dead,death,die: no,not: heart",tomb
,,Greece,e345,"Matthew, Mark",2,"shake: land,ground,earth",
25,,greed,ea94,"Matthew,Mark",1,"eye,see: desire,like,want: love,compassion: heart",
5,,greeting,e051,"Matthew,Mark",1,"mouth,said,speak: happy,joy",
21,,grieve,e207,"Matthew,Mark",1,,sad
31,,grind,e83d,"Matthew,Mark",1,"knife,cut",
1,,groom,e013,"Matthew,Mark",1,"start,beginning: man: love,compassion",
13,,ground,e153,"Matthew,Mark",1,,space:earth:land:place
51,,grow,e154,"Matthew,Mark",1,,ripen:growth
51,,growth,e154,"Matthew,Mark",1,,ripen:grow
25,,guard,e0c1,"Matthew,Mark",1,"eye,see: sword",
6,,guilt,ea84,"Matthew,Mark",1,"know,knowledge: no,not",guilty
6,,guilty,ea84,"Matthew,Mark",1,"know,knowledge: no,not",guilt
3,,hail,ea13,"Matthew,Mark",1,"crown,ruler,king,lord: greeting: mouth,said,speak: happy,joy",
21,,hair,e208,"Matthew,Mark",1,face,
53,,half,ea22,"Matthew,Mark",1,,
7,,hand,e071,"Matthew,Mark",1,,
, ,Hannah,eb02,"Matthew, Mark",2,"woman: no,not: knife,cut",Anna
21,,happy,e205,"Matthew,Mark",1,,joy
39,,hard,e269,"Matthew,Mark",1,"soft: no,not",
39,,harvest,e082,"Matthew,Mark",1,"hand: grain,wheat",
12,,harvester,e139,"Matthew,Mark",1,"person: hand: grain,wheat",
2,,hate,e01b,"Matthew,Mark",1,"love,compassion: no,not",enmity
7,,have,e083,"Matthew,Mark",1,Hand: .,
7,,have_to,e07f,"Matthew,Mark",1,hand: very,need
2,,head,e206,"Matthew,Mark",1,face,
7,,heal,e084,"Matthew,Mark",1,"hand: health,healthy: happy,joy: heart",
7,,healer,e144,"Matthew,Mark",1,"person: health,healthy: hand: happy,joy: heart",doctor
50,,health,e209,"Matthew,Mark",1,"happy,joy: heart",healthy
50,,healthy,e209,"Matthew,Mark",1,"happy,joy: heart",health
51,,hear ,e299,"Matthew,Mark",1,,hear:ear
50,,heart,e29a,"Matthew,Mark",1,,
53,,heat,e301,"Matthew,Mark",1,,hot:fire
17,,heaven,e380,"Matthew,Mark",1,"house: crown,ruler,king,lord: man: love,compassion",
7,,heavy,e0e7,"Matthew,Mark",1,hand: big: measure,
48,,hedge,e28a,"Matthew,Mark",1,"wall: land,ground,earth",
3,,heir,e018,"Matthew,Mark",1,"money,wealth,wealthy: son,sons: small,few: man: love,compassion",
32,,hell,e0d1,"Matthew,Mark",1,"all,whole: time,when: fire,heat,hot",
12,,help,e13a,"Matthew,Mark",1,straight: people,
12,,helper,e150,"Matthew,Mark",1,person: straight: people: help,attendant
13,,here,e212,"Matthew,Mark",1,"very: land,ground,earth",
,,Herod ,e360,"Matthew, Mark",2,man: man: big,
,,Herodians,ea05,"Matthew, Mark",2,"person: crown,king,ruler,lord: no,not: good",
,,Herodias,e355,"Matthew, Mark",2,"woman: no,not: good: eye,see",
,,Hezekiah,ea62,"Matthew, Mark",2,"man: crown,ruler,king,lord: can,ability,power: big: knife,cut",
,,Hezron,ea4f,"Matthew, Mark",2,man: wall,
7,,hide,e085,"Matthew,Mark",1,hand: under: thing: .,
20,,hill,e202,"Matthew,Mark",1,"hill: small,few: mountain",
12,,hire,e13b,"Matthew,Mark",1,"person: money,wealth,wealthy",
7,,hit,e0e4,"Matthew,Mark",1,"hand: hurt,pain: knife,cut: heart",beat
53,,hole,e302,"Matthew,Mark",1,,
12,,holy,e13c,"Matthew,Mark",1,person: thing,
5,,honey,e052,"Matthew,Mark",1,mouth: sweet,
3,,honor,e031,"Matthew,Mark",1,"crown,ruler,king,lord: sword",
2,,hope,e213,"Matthew,Mark",1,"very: desire,like,want: love,compassion: heart",
53,,horse,e303,"Matthew,Mark",1,,
22,,hosanna,e216,"Matthew,Mark",1,"very: help: people: straight: time,when",
53,,hot ,e301,"Matthew,Mark",1,,hot:fire:heat
16,,hour,e331,"Matthew,Mark",1,"time,when: around",
17,,house,e171,"Matthew,Mark",1,,
5,,how,e068,"Matthew,Mark",1,"know,knowledge: mouth,said,speak: ?",
16,,how_long,e83c,"Matthew,Mark",1,"time,when: mouth,said,speak: ?",
24,,human_nature,e23d,"Matthew,Mark",1,"way: start,beginning: person",
20,,humble,e19d,"Matthew,Mark",1,"small,few: mouth,said,speak: me",humility
20,,humility,e19d,"Matthew,Mark",1,"small,few: mouth,said,speak: me",humble
2,,hungry,e01e,"Matthew,Mark",1,"love,compassion: eat,food,meal: mouth,said,speak: thing",
50,,hurt,e24f,"Matthew,Mark",1,"knife,cut: heart",pain
1,,husband,e012,"Matthew,Mark",1,"man: love,compassion",
4,,hymn,e0e3,"Matthew,Mark",1,"cross: sing,song: mouth,said,speak: dance: walk: happy,joy",
12,,hypocrite,e152,"Matthew,Mark",1,"person: deceive,deception,false,lead_astray,lie: no,not: good: measure",deceiver
15,,I,e166,"Matthew,Mark",1,,me
,,Idumea,e378,"Matthew, Mark",2,"man: hair: land,ground,earth: face",
11,,if,e111,"Matthew,Mark",1,straight: thing,
6,,ignorance,e06e,"Matthew,Mark",1,"know,knowledge: no,not",ignorant
6,,ignorant,e06e,"Matthew,Mark",1,"know,knowledge: no,not",ignorance
18,,immeasurable,e18c,"Matthew,Mark",1,"no,not: measure",
16,,immediately,e215,"Matthew,Mark",1,"very: time,when",now
18,,impossible,e180,"Matthew,Mark",1,"no,not: can,ability,power: big: knife,cut",
36,,imprisoned,e25f,"Matthew,Mark",1,,arrest:bound:chain
29,,impure,e249,"Matthew,Mark",1,"wet,water: no,not: good",dirty
5,,in,e240,"Matthew,Mark",1,door: thing: .,inside
11,,in_front,e112,"Matthew,Mark",1,thing,
3,,inheritance,e017,"Matthew,Mark",1,"money,wealth,wealthy: small,few: man",
53,,insect,e304,"Matthew,Mark",1,,
5,,inside,e240,"Matthew,Mark",1,door: thing: .,in
,,Isaac,e374,"Matthew, Mark",2,"man: very: happy,joy: laugh",
,,Isaiah,e372,"Matthew, Mark",2,man: very: help: straight: people,
,,Israel,ea04,"Matthew, Mark",2,person: or,
,,Jacob,e375,"Matthew, Mark",2,man: person: foot,
,,Jacob(NT),ea72,"Matthew, Mark",2,man: person: foot,
,,Jairus,e367,"Matthew, Mark",2,"man: king,crown,ruler,lord: temple,church: mouth,said,speak: authority",
,,James,e358,"Matthew, Mark",2,man: person: foot,
,,James_the_Disciple,e376,"Matthew, Mark",2,man: person: foot,
39,,jar,e0d5,"Matthew,Mark",1,"soft: no,not: cup,drink",
,,Jechoniah,ea66,"Matthew, Mark",2,"man: king,crown.ruler,lord: stay: person: straight",
,,Jehoshaphat,ea5d,"Matthew, Mark",2,"man: king,crown,ruler,lord: or",
, ,Jeremiah,ea28,"Matthew, Mark",2,"man: sad, grieve",
,,Jericho,ea08,"Matthew, Mark",2,"wall: down: land,ground,earth",
,,Jerusalem,e338,"Matthew, Mark",2,"rest,sleep,lie_down: love,compassion: village: many: neighbor: house,near",
,,Jesse,ea58,"Matthew, Mark",2,"man: gift: hand: love,compassion",
,,Jesus,e037,"Matthew, Mark",2,"king,ruler,crown,lord: cross",
,,Jesus_not_Christ,eb03,"Matthew, Mark",2,man: help: straight: people,Joshua:Jason
12,,Jew,e0f9,"Matthew,Mark",1,"person: land,ground,earth: book,learn,read",Jewish
12,,Jewish,e0f9,"Matthew,Mark",1,"person: land,ground,earth: book,learn,read",Jew
,,John,e35a,"Matthew, Mark",2,"man: no,not: knife,cut",John_the_Disciple
,,John_the_Baptist,e336,"Matthew, Mark",2,"man: no,not: knife,cut",
,,John_the_Disciple,e35a,"Matthew, Mark",2,"man: no,not: knife,cut",John
,,Jonah,e0c5,"Matthew, Mark",2,man : fly,
,,Jonah_Simons_father,ea29,"Matthew, Mark",2,man: fly,
,,Joram,ea5e,"Matthew, Mark",2,"man: king,crown,ruler,lord: sword: part,some",
,,Jordan_River,e34f,"Matthew, Mark",2,"river,stream: baptism,baptize: wet,water: person",
,,Joseph,ea15,"Matthew, Mark",2,man: more: up: many,
,,Joseph(NT),ea73,"Matthew, Mark",2,man: more: up: many,
,,Joses,e369,"Matthew, Mark",2,man: more : up: many,
,,Joshua,eb03,"Matthew, Mark",2,man: help: straight: people,Jason:Jesus_not_Christ
,,Josiah,ea65,"Matthew, Mark",2,"man: king,crown,ruler,lord: small,few: person",
,,Jotham ,eb82,"Matthew, Mark",2,"Man: all,whole",
,,Jothan,ea60,"Matthew, Mark",2,"man: king,crown,ruler,lord: straight",
21,,joy,e205,"Matthew,Mark",1,,happy
,,Judah,ea4b,"Matthew, Mark",2,"man: praise,worship,exalt: mouth: good",
,,Judas,e368,"Matthew, Mark",2,"man: praise,worship,exalt: mouth: good",Jude:Judas_not_Iscariot
,,Judas_Iscariot,e365,"Matthew, Mark",2,"man: praise,worship,exalt: mouth: good",
,,Judas_not_Iscariot,e368,"Matthew, Mark",2,"man: praise,worship,exalt: mouth: good",Jude:Judas
,,Jude,e368,"Matthew, Mark",2,"man: praise,worship,exalt: mouth: good",Judas:Judas_not_Iscariot
,,Judea,e339,"Matthew, Mark",2,"praise,worship,exalt: mouth: good: land,ground,earth",
3,,judge,e1a2,"Matthew,Mark",1,"crown,ruler,king,lord: or",judgment
3,,judgment,e1a2,"Matthew,Mark",1,"crown,ruler,king,lord: or",judge
51,,justice,ea25,"Matthew,Mark",1,"to,forward: hand: equal,same",
7,,keep,e099,"Matthew,Mark",1,very: have: hand: .,
11,,key,ea9d,"Matthew,Mark",1,"thing: no,not: closed",
31,,kill,e141,"Matthew,Mark",1,"knife,cut: person",destroy
2,,kind,e01c,"Matthew,Mark",1,"love,compassion: good",kindness
2,,kindness,e01c,"Matthew,Mark",1,"love,compassion: good",kind
3,,king,e028,"Matthew,Mark",1,,ruler:crown:lord
3,,kingdom,e02f,"Matthew,Mark",1,"crown,ruler,king,lord: land,ground,earth",
5,,kiss,e0e8,"Matthew,Mark",1,"mouth,said,speak: face",
12,,kneel,e138,"Matthew,Mark",1,stay: person: straight: down,
31,,knife,e24e,"Matthew,Mark",1,,cut
49,,knot,e30e,"Matthew,Mark",1,,tie
6,,know,e062,"Matthew,Mark",1,,knowledge
6,,knowledge,e062,"Matthew,Mark",1,,know
14,,lamp,e164,"Matthew,Mark",1,"sun,day: thing",
14,,lampstand,e281,"Matthew,Mark",1,"sun,day: thing: table",
13,,land,e153,"Matthew,Mark",1,,space:earth:ground:place
5,,language,ea23,"Matthew,Mark",1,"mouth,said,speak: country,nation: big: land,ground,earth",
24,,last,e234,"Matthew,Mark",1,"end,finish",
16,,late ,e225,"Matthew,Mark",1,"no,not: now,immediately: very: time,when",later:late
16,,later,e225,"Matthew,Mark",1,"no,not: now,immediately: very: time,when",late
21,,laugh,e224,"Matthew,Mark",1,"very: happy,joy",laughter
21,,laughter,e224,"Matthew,Mark",1,"very: happy,joy",laugh
23,,law,e22f,"Matthew,Mark",1,"book,learn,read: mouth,speak,said: crown,ruler,king,lord",lawful
23,,lawful,e22f,"Matthew,Mark",1,"book,learn,read: mouth,speak,said: crown,ruler,king,lord",law
51,,lead,e137,"Matthew,Mark",1,"to,forward: person",leader
18,,lead_astray,e17f,"Matthew,Mark",1,"no,not: good: measure",lie:deceive:deception:false
51,,leader,e137,"Matthew,Mark",1,"to,forward: person",lead
28,,leaf,e0b3,"Matthew,Mark",1,"plant,tree,wood: thing",
23,,learn,e22a,"Matthew,Mark",1,,read:book
17,,lease,e175,"Matthew,Mark",1,"house: money,wealth,wealthy",
22,,least,e397,"Matthew,Mark",1,"very: small,few",smallest
33,,leather,e255,"Matthew,Mark",1,"clothing,fabric: animal",
27,,leave,e243,"Matthew,Mark",1,"door: to,forward",come_out:depart
5,,leaven,e32d,"Matthew,Mark",1,"up: loaf,bread: mouth,said,speak: grain,wheat",
53,,left,e0f4,"Matthew,Mark",1,,
,,Legion,e366,"Matthew, Mark",2,man: very: many,
21,,leprosy,e382,"Matthew,Mark",1,"very: sad,grieve: heart",
53,,level,e0d9,"Matthew,Mark",1,,stair
,,Levi,eb1b,"Matthew, Mark",2,"man: with: equal,same: people",
,,Levi_Matthew,E35C,"Matthew, Mark",2,"man: with: equal,same: people",
9,,lie ,e17f,"Matthew,Mark",1,"no,not: good: measure",lie:deceive:deception:false:lead_astray
12,,lie_down,e121,"Matthew,Mark",1,,sleep:rest
9,,life,e09f,"Matthew,Mark",1,good: heart,live:alive
7,,lift,e081,"Matthew,Mark",1,hand: up,
25,,light,e0c2,"Matthew,Mark",1,"eye,see: sun,day",
43,,lightning,ea88,"Matthew,Mark",1,"storm: eye,see",
2,,like ,e020,"Matthew,Mark",1,"love,compassion: heart",will:desire:like:want
18,,linen,ea20,"Matthew,Mark",1,"no,not: all,whole: fabric,clothing",
9,,live,e09f,"Matthew,Mark",1,good: heart,alive:life
5,,loaf,e05d,"Matthew,Mark",1,"mouth,said,speak: grain,wheat",bread
16,,longsuffering,e16f,"Matthew,Mark",1,"time,when: hurt,pain: knife,cut: heart",patient:patience
3,,lord,e028,"Matthew,Mark",1,,ruler:crown:king
18,,lost,e089,"Matthew,Mark",1,"no,not: good : search: hand: eye,see",
,,lot,ea16,"Matthew, Mark",1,Or,lots:Lasea
11,,lots,ea16,"Matthew,Mark",1,or,Lasea:lot
2,,love,e01a,"Matthew,Mark",1,,compassion
51,,lower_adj.,e324,"Matthew,Mark",1,straight: down,
7,,lower_verb,e080,"Matthew,Mark",1,hand: down,go_down
6,,lunatic,e06d,"Matthew,Mark",1,"know,knowledge: no,not: wild: rest,sleep,lie_down: love,compassion",
2,,lust,e239,"Matthew,Mark",1,"no,not: good: eye,see",sexual_desire:sensuality
,,Magadan,ea30,"Matthew, Mark",2,"tower: land,ground,earth",
7,,make,e076,"Matthew,Mark",1,hand: person,create
1,,man,e000,"Matthew,Mark",1,,
,,Manasseh,ea63,"Matthew, Mark",2,"man: no,not: know,knowledge",
19,,many,e198,"Matthew,Mark",1,,
,,Mark,e371,"Matthew, Mark",2,"man: no,not: kill,destroy: knife,cut: person",
13,,market_place,e02e,"Matthew,Mark",1,"money,wealth,wealthy: land,ground,earth",
1,,marriage,e010,"Matthew,Mark",1,"man: love,compassion: woman",
,,Mary,e354,"Matthew, Mark",2,"woman: big: water,wet: sea,ocean",Mary_Mother_of_Jesus
,,Mary_Magdalene,e353,"Matthew, Mark",2,"woman: big: water,wet: sea,ocean",
,,Mary_Mother_of_Jesus,e354,"Matthew, Mark",2,"woman: big: water,wet: sea,ocean",Mary
,,Matthan,ea71,"Matthew, Mark",2,"man: king,crown,lord,ruler: hand",
,,Matthew,eb04,"Matthew, Mark",2,"Man: hand: love,compassion",
,,Matthias,ec9c,"Matthew, Mark",2,"Man: hand: love,compassion",Mattatha
12,,mattress,e122,"Matthew,Mark",1,"sleep,rest,lie_down: straight",bed
15,,mature,e236,"Matthew,Mark",1,"end,finish: up: land,ground,earth",ripe
15,,me,e166,"Matthew,Mark",1,,I
5,,meal,e053,"Matthew,Mark",1,"mouth,said,speak: thing",eat:food
53,,measure,e305,"Matthew,Mark",1,,
17,,member,e174,"Matthew,Mark",1,house: people,
2,,mercy,e01d,"Matthew,Mark",1,"love,compassion: no,not: good: person",
12,,messenger,e136,"Matthew,Mark",1,"mouth,said,speak: person",
,,Messiah,e334,"Matthew, Mark",2,"very: anointed: king,crown,ruler,lord: mouth,said,speak: near: person",Christ
6,,mind,e06c,"Matthew,Mark",1,"know,knowledge: face",thought:think:think_opinion:think_wonder
15,me poss,mine,,"Matthew,Mark",1,,
18,,miracle,e095,"Matthew,Mark",1,"no,not: big: ability,can,power: knife,cut: work,do",
5,,mock,ea12,"Matthew,Mark",1,"mouth,said,speak: love,compassion: no,not: good",
3,,money,e029,"Matthew,Mark",1,,wealthy:wealth
40,,moon,e272,"Matthew,Mark",1,,night
19,,more,e199,"Matthew,Mark",1,up: many,
14,,morning,e163,"Matthew,Mark",1,"sun,day: straight",
,,Moses,e35b,"Matthew, Mark",2,man: lift: hand: up,
19,,most,e229,"Matthew,Mark",1,very: many,
1,,mother,e00b,"Matthew,Mark",1,"woman: love,compassion",
,,Mount_of_Olives,e351,"Matthew, Mark",2,fruit: mountain,
53,,mountain,e306,"Matthew,Mark",1,,
5,,mouth,e03f,"Matthew,Mark",1,,speak:said
51,,move,e32f,"Matthew,Mark",1,direction: person,
12,,multitude,e128,"Matthew,Mark",1,person: people,crowd
12,,murderer,ea10,"Matthew,Mark",1,"person: kill,destroy: knife,cut",
4,,mustard,e039,"Matthew,Mark",1,"cross: seed: grain,wheat: small,few",
5,,mute,e050,"Matthew,Mark",1,"mouth,said,speak: no,not",
15,me poss,my,,"Matthew,Mark",1,,
28,,myrrh,e245,"Matthew,Mark",1,"tree,plant,wood: good: nose",
6,,mystery,e18b,"Matthew,Mark",1,"no,not: because,purpose,reason,therefore: know,knowledge: ?",
,,Nahshon,ea52,"Matthew, Mark",2,"man: eye,see: forward,to",
,,Nain,ea48,"Matthew, Mark",2,"good: eye,see: land,ground,earth",
5,,name,e04f,"Matthew,Mark",1,"mouth: me,i",
,,Naphatali,ea40,"Matthew, Mark",2,"man: battle,fight,war",
,,Nathaniel,ec6f,"Matthew, Mark",2,"Man: hand: love,compassion:to,forward",Nathan
12,,nation,e0a2,"Matthew,Mark",1,"big: land,ground,earth",country
,,Nazareth,e34e,"Matthew, Mark",2,"branch: tree: land,ground,earth",
20,,near,e300,"Matthew,Mark",1,,
21,,neck,e0d3,"Matthew,Mark",1,face,
7,,need,e07f,"Matthew,Mark",1,hand: very,have_to
7, ,needle,e078,"Matthew,Mark",1,hand: person,
17,,neighbor,e173,"Matthew,Mark",1,house: near,
53,,net,e307,"Matthew,Mark",1,,
53,,new,e308,"Matthew,Mark",1,,
40,,night,e272,"Matthew,Mark",1,,moon
52,,nine,e294,"Matthew,Mark",1,,
,,Nineveh,e0c6,"Matthew, Mark",2,"enemy: land,ground,earth: person: love,compassion: no,not",
18,,no,e17c,"Matthew,Mark",1,,not
,,Noah,ea43,"Matthew, Mark",2,"man: sleep,rest,lie_down",
51,,north,ea74,"Matthew,Mark",1,direction,
53,,nose,e309 ,"Matthew,Mark",1,,smell
18,,not,e17c,"Matthew,Mark",1,,no
16,,now,e215,"Matthew,Mark",1,very: time,immediately
53,,number,e0b7,"Matthew,Mark",1,,
,,Obed,ea56,"Matthew, Mark",2,"man: work,do",
5,,obedience,e04e,"Matthew,Mark",1,"mouth,said,speak: work,do",obey
5,,obey,e04e,"Matthew,Mark",1,"mouth,said,speak: work,do",obedience
12,,ocean,e14d,"Matthew,Mark",1,"big: water,wet",sea
4,,offering,e03a,"Matthew,Mark",1,"cross: money,wealth,wealthy",
3,,oil,e030,"Matthew,Mark",1,"money,wealth,wealthy: wet,water",
18,,old,e189,"Matthew,Mark",1,no: new,
11,,on,e113,"Matthew,Mark",1,thing,on_top_of
11,,on_top_of,e113,"Matthew,Mark",1,thing,on
52,,one,e28c,"Matthew,Mark",1,,
22,,only,e223,"Matthew,Mark",1,very: one,alone
27,,open,e18a,"Matthew,Mark",1,"no,not: closed",
11,,or,e106,"Matthew,Mark",1,,
22,,other,e184,"Matthew,Mark",1,"no,not: very: thing",that
15,we poss,our,,"Matthew,Mark",1,,
15,we poss,ours,,"Matthew,Mark",1,,
27,,out,e241,"Matthew,Mark",1,door: thing,outside
27,,outside,e241,"Matthew,Mark",1,door: thing,out
11,,over,e110,"Matthew,Mark",1,thing: up,above
3,,owe,ea49,"Matthew,Mark",1,"money,wealth,wealthy: no,not: backward",
22,,ox,ea85,"Matthew,Mark",1,very: animal,
50,,pain,e24f,"Matthew,Mark",1,"hurt,pain: knife,cut: heart",hurt
23,,parable,e22d,"Matthew,Mark",1,"book: mouth,said,speak",story:message:news:report
12,,paralyze,e131,"Matthew,Mark",1,"person: no,not",
53,,part ,e29b,"Matthew,Mark",1,,some:part
21,,party,e20b,"Matthew,Mark",1,"happy,joy: eat,food,meal: mouth,said,speak: thing",festival
51,,pass,e10b,"Matthew,Mark",1,"thing: to,forward",through
21,,passover,e20d,"Matthew,Mark",1,"happy,joy: eat,food,meal: no,not: kill,destroy: knife,cut: person",
16,,past,e16d,"Matthew,Mark",1,"time,when: backward",
26,,path,e23c,"Matthew,Mark",1,,way:road
16,,patience,e16f,"Matthew,Mark",1,"time,when: hurt,pain: knife,cut: heart",patient:longsuffering
16,,patient,e16f,"Matthew,Mark",1,"time,when: hurt,pain: knife,cut: heart",longsuffering:patience
,,Paul,e377,"Matthew, Mark",2,"man: small,few",
12,,peace,e123,"Matthew,Mark",1,"rest,sleep,lie_down: love,compassion",
53,,pen,e29c,"Matthew,Mark",1,,write
12,,people,e127,"Matthew,Mark",1,person,
6,,perceive,e06a,"Matthew,Mark",1,"know,knowledge: eye,see",
,,Perez,ea4c,"Matthew, Mark",2,"man: very: go,travel,trip,journey",
53,,perfume,e097,"Matthew,Mark",1,good: nose,fragrant
5,,permission,e04a,"Matthew,Mark",1,"mouth,said,speak: ruler,king,lord,crown",permit:allow
4,,persecution,e03e,"Matthew,Mark",1,"cross: very: hurt,pain: knife,cut: heart",tribulation:persecute
12,,person,e11f,"Matthew,Mark",1,,
18,,Pharisee,e383,"Matthew,Mark",1,"No,not: good: person: teach,teaching: mouth,said,speak: book,learn,read",
,,Philip,e361,"Matthew, Mark",2,Man: horse,
,,Philippi,e347,"Matthew, Mark",2,"love,compassion: horse: village: many: neighbor: house,near",
,,Phoenicia,e343,"Matthew, Mark",2,"blood: hand: water,wet: color: land,ground,earth",
53,,pig,e30a,"Matthew,Mark",1,,
35,,pigeon,e0b6,"Matthew,Mark",1,"bird: sacrifice: fire,heat,hot: hand: love,compassion",
,,Pilate,e36f,"Matthew, Mark",2,"man: governor: small,few: crown,king,ruler,lord",
39,,pillow,e26c,"Matthew,Mark",1,soft: face,cushion
4,,place,e153,"Matthew,Mark",1,,space:earth:ground:land
6,,plan,e06b,"Matthew,Mark",1,"know,knowledge: pen,write",
28,,plant,e244,"Matthew,Mark",1,,wood:tree
12,,plate,e386,"Matthew,Mark",1,big: bowl,platter
12,,platter,e386,"Matthew,Mark",1,big: bowl,plate
18,,poor,ea3a,"Matthew,Mark",1,"no,not: money,wealth,wealthy",
9,,possible,e098,"Matthew,Mark",1,"good: can,ability,power: big: knife,cut",
41,,pour,e0d6,"Matthew,Mark",1,"cup,drink",
12,,power,e124,"Matthew,Mark",1,"big: knife,cut",ability:can
5,,praise,e04b,"Matthew,Mark",1,"mouth,said,speak: good",worship:exalt
5,,pray,e05e,"Matthew,Mark",1,"mouth,said,speak: god: crown,ruler,king,lord: man: love,compassion",prayer
5,,prayer,e05e,"Matthew,Mark",1,"mouth,said,speak: god: crown,ruler,king,lord: man: love,compassion",pray
5,,preach,e04d,"Matthew,Mark",1,"teach,teaching: mouth,said,speak: book,learn,read: cross",preaching
12,,preacher,e134,"Matthew,Mark",1,"person: teach,teaching: mouth,said,speak: book,learn,read: cross",
5,,preaching,e04d,"Matthew,Mark",1,"teach,teaching: mouth,said,speak: book,learn,read: cross",preach
22,,precious,ea37,"Matthew,Mark",1,"very: money,wealth,wealthy",
20,,pregnant,e0a5,"Matthew,Mark",1,"small,few: person",
11,,prepare,e091,"Matthew,Mark",1,"backward: thing: work,do",
22, ,press,e228,"Matthew,Mark",1,very: thing: hand,
18,,pretend,e094,"Matthew,Mark",1,"no,not: work,do: good: measure",
3,,prevail,eb14,"Matthew,Mark",1,"ruler,king,lord,crown: war,battle,fight",victory:triumph
12,,pride,e14b,"Matthew,Mark",1,"big: mouth,said,speak: me,i",boast
4,,priest,e03b,"Matthew,Mark",1,cross: person,
3,,prince,eb61,"Matthew,Mark",1,"ruler,king,lord,crown: small,few",
17,,prison ,e172,"Matthew,Mark",1,"house: chain,bound,imprisoned,arrest",
12,,prisoner,e145,"Matthew,Mark",1,"person: chain,bound,imprisoned,arrest",
19,,profit,e035,"Matthew,Mark",1,"money,wealth,wealthy: many",
8,,promise,e37a,"Matthew,Mark",1,"mouth,said,speak: work,do",
25,,prophesy,e23b,"Matthew,Mark",1,"eye,see: forward,to",
25,,prophet,e135,"Matthew,Mark",1,"person: prophesy: eye,see: forward,to",
,,Psalm,e0e2,"Matthew, Mark",2,"sing,song: mouth,said,speak: dance: walk: happy,joy",song:sing
29,,pure,e248,"Matthew,Mark",1,"wet,water: good",clean
47,,purple,e286,"Matthew,Mark",1,"ruler,king,lord,crown: color",
6,,purpose,e066,"Matthew,Mark",1,"know,knowledge: ?",therefore:because:reason
7,,put,e07e,"Matthew,Mark",1,hand: thing,
3,,queen,eb15,"Matthew,Mark",1,"woman: crown,ruler,king,lord",
5,,questioned,e061,"Matthew,Mark",1,"mouth,said,speak: ?",ask
18,,quiet,e185,"Matthew,Mark",1,"mouth,said,speak: no,not",silence
,,Rachel,ea41,"Matthew, Mark",2,woman: sheep: soft,
,,Rahab,ea55,"Matthew, Mark",2,"woman: shout: big: mouth,said,speak",
39,,rain,ea3e,"Matthew,Mark",1,"cloud: soft: thing: wet,water",
,,Ram,ea50,"Matthew, Mark",2,"man: thing: happy,joy",
,,Ramah,ea42,"Matthew, Mark",2,"mountain: land,ground,earth",
23,,read,e22a,"Matthew,Mark",1,,book:learn
6,,reason,e066,"Matthew,Mark",1,"know,knowledge: ?",therefore:because:purpose
5,,rebellion,e193,"Matthew,Mark",1,"no,not: mouth,said,speak: work,do",disobedience:disobey
5,,rebuke,e060,"Matthew,Mark",1,"mouth,said,speak: stop: hand: end,finish",
7,,receive,e1a3,"Matthew,Mark",1,"to,forward: gift: hand: love,compassion",gain
2,,reconcile,e026,"Matthew,Mark",1,"help: people: straight: love,compassion: friend",
47,,red,e287,"Matthew,Mark",1,"hand: water,wet: blood: color",
36,,redeem,e02c,"Matthew,Mark",1,"free,freedom: money,wealth,wealthy",redemption
36,,redemption,e02c,"Matthew,Mark",1,"free,freedom: money,wealth.wealthy",redeem
12,,reed,ea26,"Matthew,Mark",1,big: grass,
,,Rehoboam,ea5a,"Matthew, Mark",2,man: up: big,
5,,remember,e0d8,"Matthew,Mark",1,"call: mouth,said,speak: near: head: face",
5,,repeat,e049,"Matthew,Mark",1,"mouth,said,speak",times
53,,repent,e320,"Matthew,Mark",1,"change,turn: heart",repentance
53,,repentance,e320,"Matthew,Mark",1,"change,turn: heart",repent
22,,rescue,e214,"Matthew,Mark",1,very: help: people: straight,save
12,,rest,e121,"Matthew,Mark",1,,sleep:lie_down
24,,result,e237,"Matthew,Mark",1,"end,finish: because,reason,purpose,therefore: know,knowledge: ?",
18,,resurrect,e329,"Matthew,Mark",1,"up: death,dead,die: no,not: heart",resurrection
18,,resurrection,e329,"Matthew,Mark",1,"up: death,dead,die: no,not: heart",resurrect
25,,reveal,e162,"Matthew,Mark",1,"sun,day: eye,see",show:appear
8,,reward,e02d,"Matthew,Mark",1,"good: money,wealth,wealthy: righteous,righteousness: work,do",
,,Rhoda,eb92,"Matthew, Mark",2,woman: flower,
,,Rhodes,eb25,"Matthew, Mark",2,flower: cross,
53,,right,e0f3,"Matthew,Mark",1,,
8,,righteous ,e090,"Matthew,Mark",1,"good: work,do",righteousness:righteous
12,,righteous_person,e130,"Matthew,Mark",1,"person: good: work,do",saint:godly
8,,righteousness,e090,"Matthew,Mark",1,"good: work,do",righteous
24,,ripe ,e236,"Matthew,Mark",1,"end,finish: grow,growth,ripen: up: land,ground,earth",ripe:mature
13,,ripen,e154,"Matthew,Mark",1,"up: land,ground,earth",grow:growth
53,,river,e30b,"Matthew,Mark",1,,stream
26,,road,e23c,"Matthew,Mark",1,,way:path
12,,robber,e0e9,"Matthew,Mark",1,"person: hand: no,not: good",thief
39,,rock,e26a,"Matthew,Mark",1,"hard: soft: no,not: thing",
17,,room,eb06,"Matthew,Mark",1,"house: part,some",
14,,rooster,e25d,"Matthew,Mark",1,"bird: sun,day",
13,,root,e15c,"Matthew,Mark",1,"land,ground,earth",
,,Rufus,e36e,"Matthew, Mark",2,"man: blood: red: hand: wet,water: color",
3,,ruler,e028,"Matthew,Mark",1,,crown:king:lord
34,,run,e258,"Matthew,Mark",1,walk: very,
,,Ruth,ea57,"Matthew, Mark",2,"woman: friend: person: love,compassion",
14,,sabbath,e160,"Matthew,Mark",1,"sun,day: rest,sleep,lie_down",
53,,sacrifice,e0b5,"Matthew,Mark",1,"fire,heat,hot: hand: love,compassion",
21,,sad,e207,"Matthew,Mark",1,,grieve
12,,Saducee,ea03,"Matthew,Mark",1,"person: mouth,said,speak: no,not: up",
5,,said,e03f,"Matthew,Mark",1,,speak:mouth
38,,sail,e267,"Matthew,Mark",1,boat,
12,,saint,e130,"Matthew,Mark",1,"person: righteous,righteousness: good: work,do",godly:righteous_person
,,Salmon,ea53,"Matthew, Mark",2,"man: sleep,rest,lie_down: love,compassion",
,,Salome,e379,"Matthew, Mark",2,"woman: sleep,rest,lie_down: love,compassion",
5,,salt,e046,"Matthew,Mark",1,"mouth,said,speak: .",
,,Samaria,ea83,"Matthew, Mark",2,"eye,see: tower: land,ground,earth",
,,Samaritan,ea7b,"Matthew, Mark",2,"eye,see: tower: person",
30,,same,e24b,"Matthew,Mark",1,,equal
12,,sanctuary,eb01,"Matthew,Mark",1,"holy: person: land,ground,earth",
,,Satan,e335,"Matthew, Mark",2,"big: no,not: good: spirit: person",Beelzebul
22,,save,e214,"Matthew,Mark",1,very: help: people: straight,rescue
51,,scatter,ea34,"Matthew,Mark",1,"backward: up: forward,to: hand",
12,,scribe,e12c,"Matthew,Mark",1,"person: pen,write",writer:author
,,Scripture ,e22c,"Matthew, Mark",2,"book,read,learn: cross",Word_of_God:Bible:Scripture
12,,sea,e14d,"Matthew,Mark",1,"big: water,wet",ocean
,,Sea_of_Galilee,e350,"Matthew, Mark",2,"ocean,sea: big: water,wet: house: cross",
27,,sealed,e221,"Matthew,Mark",1,very: closed,
7,,search,e074,"Matthew,Mark",1,"hand: eye,see",
18,,secret,e186,"Matthew,Mark",1,"silence,quiet: mouth,said,speak: no,not: ear,hear",whisper
25,,see,e238,"Matthew,Mark",1,,eye
42,,seed,e27a,"Matthew,Mark",1,"grain,wheat: small,few",
22,,self,ea95,"Matthew,Mark",1,"very: me,i",
3,,sell,e32b,"Matthew,Mark",1,"backward: money,wealth,wealthy",
7,,send,e075,"Matthew,Mark",1,"hand: to,forward",
18,,sensuality,e239,"Matthew,Mark",1,"no,not: good: eye,see",sexual_desire:lust
51,,separate,e326,"Matthew,Mark",1,forward: backward,split:divide:division
12,,servant,e12d,"Matthew,Mark",1,"person: serve: love,compassion: work,do",
8,,serve,e08e,"Matthew,Mark",1,"love,compassion: work,do",
52,,seven,e292,"Matthew,Mark",1,,
7,,sew,e077,"Matthew,Mark",1,hand: person: needle,
53,,sex,ea87,"Matthew,Mark",1,near: person,
18, ,sexual_desire,e239,"Matthew,Mark",1,"no,not: good: eye,see",lust:sensuality
7,,shade,e079,"Matthew,Mark",1,"hand: sun,day",
43,,shake,e27d,"Matthew,Mark",1,,
6,,shame,e065,"Matthew,Mark",1,"know,knowledge: no,not: good: me,i",humiliate
7,,share,e07a,"Matthew,Mark",1,"hand: friend: person: love,compassion",
,,Shealtiel,ea68,"Matthew, Mark",2,"man: ask,questioned: mouth,said,speak: ?",
39,,sheep,e270,"Matthew,Mark",1,soft,
,,Sheol,e0c9,"Matthew, Mark",2,"house: no,not: god: crown,ruler,lord,king: love,compassion: man",
39,,shepherd,e271,"Matthew,Mark",1,sheep: soft: person,
53,,shield,e388,"Matthew,Mark",1,,
12,,shoe,e12e,"Matthew,Mark",1,person: thing,
12,,shout,e149,"Matthew,Mark",1,"big: mouth,said,speak",
25,,show,e162,"Matthew,Mark",1,"sun,day: eye,see",appear:reveal
21,,sick,e20a,"Matthew,Mark",1,"sad,grieve: heart",disease
11,,side,e10d,"Matthew,Mark",1,thing,
,,Sidon,e33c,"Matthew, Mark",2,fish: village: many: neighbor: house: near,
5,,sigh,e047,"Matthew,Mark",1,"mouth,said,speak: air",breathe
25,,sign,e0a9,"Matthew,Mark",1,"eye,see: thing: mouth,said,speak",
18,,silence,e185,"Matthew,Mark",1,"no,not: mouth,said,speak",quiet
20,,silver,eb2b,"Matthew,Mark",1,"small,few: money,wealth,wealthy",
,,Simeon,ea47,"Matthew, Mark",2,"man: ear,hear",Simon
,,Simon,ea47,"Matthew, Mark",2,"man: ear,hear",Simeon
,,Simon_of_Cyrene,e37c,"Matthew, Mark",2,"man: ear,hear",
,,Simon_Peter,e356,"Matthew, Mark",2,"man: ear,hear",
,,Simon_the_Canaanite,e364,"Matthew, Mark",2,"man: ear,hear",
,,Simon_the_Leper,e0f8,"Matthew, Mark",2,"man: ear,hear",
,,Simon(Jesus’s_brother),ea92,"Matthew, Mark",2,"man: ear,hear",
8,,sin,e08f,"Matthew,Mark",1,"no,not: righteous,righteousness: good: work,do",sinful
8,,sinful,e08f,"Matthew,Mark",1,"no,not: righteous,roghteousness: good: work,do",sin
5,,sing,e0e2,"Matthew,Mark",1,"mouth,said,speak: dance: walk: happy,joy",song:Psalm
8,,sinner,e151,"Matthew,Mark",1,"no,not: righteous,righteousness: good: person: work,do",
1,,sister,e00e,"Matthew,Mark",1,"woman: small,few: love,compassion",
1,,sisters,e00f,"Matthew,Mark",1,"woman: small,few: love,compassion",
53,,sit,e298,"Matthew,Mark",1,,chair
52,,six,e291,"Matthew,Mark",1,,
21,,skull,e20f,"Matthew,Mark",1,face,
11,,slave,e10e,"Matthew,Mark",1,thing: person,
12,,sleep,e121,"Matthew,Mark",1,,lie_down:rest
20,,slow,e19c,"Matthew,Mark",1,"small,few: to,forward",
20,,small,e19b,"Matthew,Mark",1,,few
19,,smaller,e32e,"Matthew,Mark",1,"up: many: small,few",
22,,smallest,e397,"Matthew,Mark",1,"very: small,few",least
53,,smell,e309 ,"Matthew,Mark",1,,nose
53,,snake,e30c,"Matthew,Mark",1,,
,,Sodom,ea8e,"Matthew, Mark",2,"fire,hot,heat: village: many: neighbor: house: near",
39,,soft,e268,"Matthew,Mark",1,,
13,,soil,e15b,"Matthew,Mark",1,"land,ground,earth",dirt:ground_soil
12,,sojourner,e158,"Matthew,Mark",1,"person: no,not: land,ground,earth",foreigner:gentile
46,,soldier,e12f,"Matthew,Mark",1,"person: war,fight,battle",
,,Solomon,ea32,"Matthew, Mark",2,"man: wisdom,wise: know,knowledge: or",
53,,some ,e29b,"Matthew,Mark",1,,some:part
20,,son,e004,"Matthew,Mark",1,"small,few: man: love,compassion",
,,Son_of_Man,e352,"Matthew, Mark",2,"small: son: love,compassion: .: man",
5,,song,e0e2,"Matthew,Mark",1,"mouth,said,speak: dance: walk: happy,joy",Psalm:sing
20,,sons,e005,"Matthew,Mark",1,"small,few: man: love,compassion",
11,,soul,e10f,"Matthew,Mark",1,thing: person,
7,,sow,e07d,"Matthew,Mark",1,"hand: seed: grain,wheat: small,few",to_plant
12,,sower,e133,"Matthew,Mark",1,"person: hand: seed: grain,wheat: small,few",farmer
4,,space,e153,"Matthew,Mark",1,,earth:ground:land:place
5,,speak,e03f,"Matthew,Mark",1,,mouth:said
51,,spend,e32a,"Matthew,Mark",1,"to,forward: money,wealth,wealthy",buy
18,,spirit,e187,"Matthew,Mark",1,"no,not: person",
5,,spit,e048,"Matthew,Mark",1,"mouth,said,speak: to,forward: wet,water",
51,,split,e326,"Matthew,Mark",1,,divide:division:separate
39,,sponge,ea18,"Matthew,Mark",1,"soft: cup,drink",
12,,staff,e14c,"Matthew,Mark",1,person: stick,
53,,stair,e0d9,"Matthew,Mark",1,,level
12,,stand,e32c,"Matthew,Mark",1,up: straight: person,
53,,star,e0c3,"Matthew,Mark",1,,
24,,start,e231,"Matthew,Mark",1,,beginning
12,,stay,e83b,"Matthew,Mark",1,person: straight,
7,,steal,e07b,"Matthew,Mark",1,"hand: thing: no,not: you",
28,,stem,ea01,"Matthew,Mark",1,,
38,,stern,e266,"Matthew,Mark",1,boat,
7,,stewardship,e07c,"Matthew,Mark",1,"hand: money,wealth,wealthy",
53,,stick,e398,"Matthew,Mark",1,,
5, ,stomach,e0c8,"Matthew,Mark",1,"mouth,said,speak: thing",
7,,stop,e073,"Matthew,Mark",1,"hand: end,finish",
43,,storm,e27c,"Matthew,Mark",1,,
23,,story,e22d,"Matthew,Mark",1,"book,read,learn: mouth,said,speak",message:news:parable:report
53,,straight,e313,"Matthew,Mark",1,,
6,,stranger,e069,"Matthew,Mark",1,"know,knowledge: no,not: person",
53,,stream,e30b,"Matthew,Mark",1,,river
52,,stretch,e31c,"Matthew,Mark",1,,
7,,strong,e08a,"Matthew,Mark",1,"hand: can,ability,power: big: knife,cut",
34,,stumble,e257,"Matthew,Mark",1,"walk: no,not: good",
34,,stumbling_block,ea27,"Matthew,Mark",1,"walk: no,not: good: thing",
31,,suffering,e222,"Matthew,Mark",1,"very: hurt,pain: knife,cut: heart",
16,,summer,e0c4,"Matthew,Mark",1,"time,when: fire,heat,hot",
14,,sun,e15f,"Matthew,Mark",1,,day
14,,sundown,e161,"Matthew,Mark",1,"sun,day: down",
53,,sweet,e30d,"Matthew,Mark",1,,
46,,sword,e282,"Matthew,Mark",1,,
23,,synagogue,e0b9,"Matthew,Mark",1,"book,read,learn: cross: scripture,bible,word of god: building",
,,Syria,e342,"Matthew, Mark",2,"sun,day: land,ground,earth",
45,,table,e280,"Matthew,Mark",1,,
7,,take,e088,"Matthew,Mark",1,hand: thing,bring:carry
,,Tamar,ea4e,"Matthew, Mark",2,woman: fruit,
5,,taste,ea07,"Matthew,Mark",1,"mouth,said,speak: fabric,clothing: .",
3,,tax,e02b,"Matthew,Mark",1,"crown,ruler,king,lord: money,wealth,wealthy",
12,,tax_collector,e12a,"Matthew,Mark",1,"person: crown,ruler,king,lord: money,wealth,wealthy",
5,,teach,e04c,"Matthew,Mark",1,"mouth,said,speak: book,read,learn",teaching
12,,teacher,e12b,"Matthew,Mark",1,"person: mouth,said,speak: book,read,learn",
5,,teaching,e04c,"Matthew,Mark",1,"mouth,said,speak: book,read,learn",teach
5,,teeth ,e0b1,"Matthew,Mark",1,"mouth,said,speak: bone",
4,,temple,e03d,"Matthew,Mark",1,cross: building,church
2,,tempt,e183,"Matthew,Mark",1,"no,not: good: desire,like,want: love,compassion: heart",temptation
2,,temptation,e183,"Matthew,Mark",1,"no,not: good: desire,like,want: love,compassion: heart",tempt
52,,ten,e295,"Matthew,Mark",1,,
53,,testimony,e22e,"Matthew,Mark",1,"book,read,learn: mouth,said,speak: beginning,start",witness
,,Thaddaeus,e37b,"Matthew, Mark",2,man: soft: heart,
7,,thank,e20e,"Matthew,Mark",1,"happy,joy: gift: hand: love,compassion",grateful:gratitude
22,,that,e184,"Matthew,Mark",1,"no,not: very: thing",other
12,,them,e125,"Matthew,Mark",1,person: people,they
6,,therefore,e066,"Matthew,Mark",1,"know,knowledge: ?",because:purpose:reason
12,,they,e125,"Matthew,Mark",1,person: people,them
12,,thief,e0e9,"Matthew,Mark",1,"person: hand: no,not: good",robber
11,,thing,e105,"Matthew,Mark",1,,
6,,think,e06c,"Matthew,Mark",1,"know,knowledge: head: face",thought:mind:think_opinion:think_wonder
11,,this,e226,"Matthew,Mark",1,very: thing,
,,Thomas,e363,"Matthew, Mark",2,"man: same,equal",
42,,thorn,e27b,"Matthew,Mark",1,,
52,,thousand,e296,"Matthew,Mark",1,,
52,,three,e28e,"Matthew,Mark",1,,
51,,threshing,ea39,"Matthew,Mark",1,"divide,division,separate,split: grain,wheat",
11,,through,e10b,"Matthew,Mark",1,"thing: to,forward",pass
51,,throw,e327,"Matthew,Mark",1,,
5,,thunder,e044,"Matthew,Mark",1,"mouth,said,speak: storm",
49,,tie,e30e,"Matthew,Mark",1,,knot
,,Timaeus,e36c,"Matthew, Mark",2,"man: love compassion: blind: no,not: eye,see",
16,,time,e16a,"Matthew,Mark",1,,when
5,,times,e049,"Matthew,Mark",1,"mouth,said,speak",repeat
51,,to,e318,"Matthew,Mark",1,,forward
33,,to_clothe,e147,"Matthew,Mark",1,"fabric,clothing: person",clothe
7,,to_plant,e07d,"Matthew,Mark",1,"hand: seed: grain,wheat: small,few",sow
12,,together(people),e126,"Matthew,Mark",1,person: people,gathered_people
11,,together(things),e108,"Matthew,Mark",1,thing: things,gathered_things
18, ,tomb,e178,"Matthew,Mark",1,"house: dead,death,die: no,not: heart",grave
5,,tongue,e045,"Matthew,Mark",1,"mouth,said,speak: fabric,clothing",
53,,tool,eb34,"Matthew,Mark",1,,
7,,touch,e10c,"Matthew,Mark",1,thing: hand,
53,,tower,e30f,"Matthew,Mark",1,,
51,,transfiguration,e31f,"Matthew,Mark",1,"turn: person: eye,see",transfigure
51,,transfigure,e31f,"Matthew,Mark",1,"turn: person: eye,see",transfiguration
51,,travel,e381,"Matthew,Mark",1,,trip:go:journey
28,,tree,e244,"Matthew,Mark",1,,wood:plant
12,,tribe,ea81,"Matthew,Mark",1,"big: family: house: love,compassion",
3,,triumph,eb14,"Matthew,Mark",1,"crown,ruler,king,lord: war,fight,battle",victory:prevail
50,,trouble,e333,"Matthew,Mark",1,"heart: no,not: good",
9,,true ,e09c,"Matthew,Mark",1,good: measure,truth:true
12,,trumpet,ea79,"Matthew,Mark",1,"big: thing: mouth,said,speak",
2,,trust,e023,"Matthew,Mark",1,"love,compassion: truth: good: measure",
9,,truth,e09c,"Matthew,Mark",1,good: measure,true
51,,turn,e31e,"Matthew,Mark",1,,change
52,,two,e28d,"Matthew,Mark",1,,
,,Tyre,e33b,"Matthew, Mark",2,"hurt,pain: knife,cut: heart: village: many: neighbor;house;near",
6,,unbelief,e194,"Matthew,Mark",1,"no,not: believe,faith: know,knowledge: cross",doubt
11,,under,e10a,"Matthew,Mark",1,thing: .,
6,,understand,e063,"Matthew,Mark",1,"know,knowledge: very",understanding
6,,understanding,e063,"Matthew,Mark",1,"know,knowledge: very",understand
52,,unity,e297,"Matthew,Mark",1,one,
5,,unleavened,e043,"Matthew,Mark",1,"mouth,said,speak: grain,wheat: down",
18,,untie,e37f,"Matthew,Mark",1,"no,not: tie",
16,,until,e16c,"Matthew,Mark",1,"to,forward: time,when",
51,,up,e315,"Matthew,Mark",1,,
,,Uriah,ea46,"Matthew, Mark",2,"man: see,eye: sun,day",
15,,us,e167,"Matthew,Mark",1,"me,i",we
8,,use,e08d,"Matthew,Mark",1,"thing: work,do",useful
8,,useful,e08d,"Matthew,Mark",1,"thing: work,do",use
8,,useless,e190,"Matthew,Mark",1,"no,not: thing: work,do",futile
,,Uzziah,ea5f,"Matthew, Mark",2,"man: child: small,few: person",
3,,value,e09b,"Matthew,Mark",1,"good: money,wealth,wealthy",worthy:worth
12,,vendor,e0b4,"Matthew,Mark",1,"person: backward: money,wealth,wealthy",
22,,very,e211,"Matthew,Mark",1,,
3,,victory,eb14,"Matthew,Mark",1,"crown,ruler,king,lord: war,fight,battle",prevail:triumph
19,,village,e19a,"Matthew,Mark",1,many: neighbor: house: near,
44,,vineyard,e27f,"Matthew,Mark",1,"fruit: land,ground,earth",
29,,virgin,ea7e,"Matthew,Mark",1,"pure,clean: wet,water: good: woman",
34,,visit,e25a,"Matthew,Mark",1,walk: near,come
5,,voice,e042,"Matthew,Mark",1,"mouth,said,speak: ear,hear",
12, ,waist,e391,"Matthew,Mark",1,person,
12,,wait,ea11,"Matthew,Mark",1,"stay: person: straight: time,when",
34,,walk,e256,"Matthew,Mark",1,,
48,,wall,e288,"Matthew,Mark",1,,
2,,want,e020,"Matthew,Mark",1,"love,compassion: heart",will:desire:like
46,,war,e283,"Matthew,Mark",1,,battle:fight
7,,wash,e08b,"Matthew,Mark",1,"hand: pure,clean: wet,water: good",
25,,watchman,e0a8,"Matthew,Mark",1,"eye,see: man",
25,,watchtower,e23a,"Matthew,Mark",1,"eye,see: tower",
29,,water,e247,"Matthew,Mark",1,,wet
29,,wave,e328,"Matthew,Mark",1,"to: wet,water",
26,,way,e23c,"Matthew,Mark",1,,path:road
16,,we,e167,"Matthew,Mark",1,"me,i",us
18,,weak,ea24,"Matthew,Mark",1,"no,not: strong: hand: can,ability,power: big: knife,cut",
3,,wealth,e029,"Matthew,Mark",1,,wealthy:money
3,,wealthy,e029,"Matthew,Mark",1,,money:wealth
24,,wedding,e011,"Matthew,Mark",1,"start,beginning: love,compassion: man: woman",
7,,weigh,e0e6,"Matthew,Mark",1,hand: measure,weight
7,,weight,e0e6,"Matthew,Mark",1,hand: measure,weigh
51,,west,ea89,"Matthew,Mark",1,direction,
29,,wet,e247,"Matthew,Mark",1,,water
11,,what,e109,"Matthew,Mark",1,"thing: ask,questioned: mouth,said,speak: ?",
42,,wheat,e279,"Matthew,Mark",1,,grain
16,,when,e16a,"Matthew,Mark",1,,time
13,,where,e15a,"Matthew,Mark",1,"land,ground,earth: ask,questioned: mouth,said,speak: ?",
53,,whip,e310,"Matthew,Mark",1,,
5,,whisper,e186,"Matthew,Mark",1,"quiet,silence: mouth,said,speak: no,not: ear,hear",secret
47,,white,e285,"Matthew,Mark",1,"no,not: color",
12,,who,e1a1,"Matthew,Mark",1,"person: ask,questioned: mouth,said,speak: ?",
32,,whole,e251,"Matthew,Mark",1,,all
5,,why,e067,"Matthew,Mark",1,"because,purpose,reason,therefore: know,knowledge: ask,questioned: mouth,said,speak: ?",
1,,widow,e016,"Matthew,Mark",1,"woman: love,compassion: no,not",
1,,wife,e014,"Matthew,Mark",1,"woman: love,compassion",
18,,wild ,e17e,"Matthew,Mark",1,"no,not: rest,sleep,lie down: love,compassion",
4,,wilderness,e156,"Matthew,Mark",1,"land,ground,earth: no,not: plant,tree,wood",desert
,,will,e020,"Matthew, Mark",1,"Love,compassion: heart",desire:like:want
51,,wind,e220,"Matthew,Mark",1,"very: to,forward: air",
53,,window,e311,"Matthew,Mark",1,,
41,,wine,e275,"Matthew,Mark",1,"cup,drink: fruit",
35,,wing,eb7d,"Matthew,Mark",1,bird,wings
35,,wings,eb7d,"Matthew,Mark",1,bird,wing
16,,winter,e16b,"Matthew,Mark",1,"time,when: cold: no,not: fire,heat,hot",
6,,wisdom,e064,"Matthew,Mark",1,"know,knowledge: or",wise
6,,wise,e064,"Matthew,Mark",1,"know,knowledge: or",wisdom
12,,with,e24c,"Matthew,Mark",1,"people: equal,same",
23,,witness,e22e,"Matthew,Mark",1,"book,read,learn: mouth,said,speak: beginning,start",testimony
1,,woman,e008,"Matthew,Mark",1,,
28,,wood,e244,"Matthew,Mark",1,,plant:tree
23,,Word_of_God,e22c,"Matthew,Mark",2,"book,read,learn: cross",Bible:Scripture
8,,work,e08c,"Matthew,Mark",1,,do
12,,world,e129,"Matthew,Mark",1,people,
20,,worm,ea06,"Matthew,Mark",1,"small,few: snake",
19,,worse,e182,"Matthew,Mark",1,"no,not: good: many",
5,,worship,e04b,"Matthew,Mark",1,"mouth,said,speak: good",exalt:praise
3,,worth,e09b,"Matthew,Mark",1,"good: money,wealth,wealthy",worthy:value
3,,worthy,e09b,"Matthew,Mark",1,"good: money,wealth,wealthy",value:worth
11,,wrap,ea19,"Matthew,Mark",1,thing,
21,,wrath(of God),e02a,"Matthew,Mark",1,"crown,ruler,king,lord: anger",
53,,write,e29c,"Matthew,Mark",1,,pen
12,,writer,e12c,"Matthew,Mark",1,"person: pen,write",author:scribe
18,,wrong,ea02,"Matthew,Mark",1,"no,not",
,,Yahweh,e0c7,"Matthew, Mark",2,"crown,king,ruler,lord: man",
13,,year,e15e,"Matthew,Mark",1,"land,ground,earth: around: sun,day",
9,,yes,e09a,"Matthew,Mark",1,good,correct
10,,yoke,eb09,"Matthew,Mark",1,animal: tool,
15,,you,e314,"Matthew,Mark",1,,
16,,young,e0f1,"Matthew,Mark",1,"small,few: time,when",
,,Zadok,ea6d,"Matthew, Mark",2,"man: sad,grieve: work,do",
,,Zebedee,e359,"Matthew, Mark",2,man: father: love,
,,Zebulun,ea3f,"Matthew, Mark",2,man: house,
,,Zechariah,ea98,"Matthew, Mark",2,man: head: face,
,,Zerah,ea4d,"Matthew, Mark",2,"man: bright: very: sun,day",
52,,zero,e28b,"Matthew,Mark",1,,
,,Zerubbabel,ea69,"Matthew, Mark",2,"man: seed: wheat,grain: small,few",
